method,accuracy,mean_entropy,mean_confidence,stability_index
Baseline,53.23555555555556,,,
ViTTA,65.20888888888888,3.441777777777778,,
RMGA,62.03333333333333,3.1155444444444447,0.2717,22.37333333333333
